Country,Visitors
India,"49.204.229.143:39691,2024-01-31 05:44:58"
India,"49.204.229.143:39767,2024-01-31 05:45:22"
India,"49.204.229.143:39767,2024-01-31 05:45:27"
India,"49.204.229.143:39767,2024-01-31 05:45:30"
India,"49.204.229.143:39936,2024-01-31 05:47:58"
India,"49.204.229.143:40111,2024-01-31 05:50:40"
India,"49.204.229.143:40111,2024-01-31 05:50:43"
India,"49.204.229.143:40111,2024-01-31 05:50:43"
India,"49.204.229.143:40111,2024-01-31 05:50:43"
India,"49.204.229.143:40111,2024-01-31 05:50:44"
India,"49.204.229.143:40111,2024-01-31 05:50:44"
India,"49.204.229.143:40254,2024-01-31 05:53:42"
India,"49.204.229.143:40254,2024-01-31 05:55:03"
India,"49.204.229.143:40254,2024-01-31 05:55:04"
India,"49.204.229.143:40408,2024-01-31 06:00:43"
India,"49.204.229.143:40408,2024-01-31 06:00:44"
India,"49.204.229.143:40408,2024-01-31 06:00:45"
India,"49.204.229.143:40408,2024-01-31 06:00:45"
India,"49.204.229.143:40408,2024-01-31 06:00:46"
India,"49.204.229.143:40408,2024-01-31 06:00:46"
India,"49.204.229.143:40408,2024-01-31 06:00:46"
India,"49.204.229.143:40408,2024-01-31 06:00:47"
India,"49.204.229.143:40408,2024-01-31 06:00:47"
India,"49.204.229.143:40408,2024-01-31 06:00:47"
India,"49.204.229.143:40408,2024-01-31 06:00:47"
India,"49.204.229.143:40408,2024-01-31 06:00:48"
India,"49.204.229.143:40410,2024-01-31 06:00:48"
India,"49.204.229.143:40411,2024-01-31 06:00:48"
India,"49.204.229.143:40412,2024-01-31 06:00:48"
India,"49.204.229.143:40414,2024-01-31 06:00:49"
India,"49.204.229.143:40415,2024-01-31 06:00:49"
India,"49.204.229.143:40416,2024-01-31 06:00:49"
India,"49.204.229.143:40417,2024-01-31 06:00:50"
India,"49.204.229.143:40417,2024-01-31 06:00:50"
India,"49.204.229.143:40417,2024-01-31 06:00:50"
India,"49.204.229.143:40417,2024-01-31 06:02:45"
India,"49.204.229.143:40417,2024-01-31 06:02:47"
India,"49.204.229.143:40417,2024-01-31 06:02:48"
India,"49.204.229.143:40510,2024-01-31 06:02:58"
India,"49.204.229.143:40510,2024-01-31 06:03:19"
India,"49.204.229.143:40510,2024-01-31 06:03:21"
India,"49.204.229.143:40510,2024-01-31 06:03:37"
India,"49.204.229.143:40558,2024-01-31 06:03:59"
India,"49.204.229.143:40560,2024-01-31 06:04:02"
India,"49.204.229.143:40510,2024-01-31 06:04:25"
India,"49.204.229.143:40510,2024-01-31 06:06:10"
India,"49.204.229.143:40645,2024-01-31 06:06:26"
India,"49.204.229.143:40645,2024-01-31 06:07:56"
India,"49.204.229.143:38781,2024-01-31 06:08:42"
India,"49.204.229.143:38781,2024-01-31 06:09:57"
India,"49.204.229.143:39317,2024-01-31 06:22:03"
India,"49.204.229.143:39318,2024-01-31 06:22:03"
India,"49.204.229.143:39319,2024-01-31 06:22:04"
India,"49.204.229.143:39320,2024-01-31 06:22:04"
India,"49.204.229.143:39320,2024-01-31 06:22:04"
India,"49.204.229.143:39320,2024-01-31 06:22:04"
India,"49.204.229.143:39320,2024-01-31 06:22:04"
India,"49.204.229.143:39320,2024-01-31 06:22:05"
India,"49.204.229.143:39320,2024-01-31 06:22:05"
India,"49.204.229.143:39320,2024-01-31 06:22:05"
India,"49.204.229.143:39320,2024-01-31 06:22:05"
India,"49.204.229.143:39320,2024-01-31 06:22:05"
India,"49.204.229.143:39320,2024-01-31 06:22:05"
India,"49.204.229.143:39320,2024-01-31 06:22:06"
India,"49.204.229.143:39450,2024-01-31 06:25:13"
India,"49.204.229.143:39499,2024-01-31 06:27:43"
India,"49.204.229.143:40409,2024-01-31 06:40:46"
India,"49.204.229.143:39473,2024-01-31 07:32:28"
India,"49.204.229.143:40028,2024-01-31 07:37:40"
United States,"144.172.73.11:37532,2024-01-31 07:45:17"
United States,"144.172.73.11:37542,2024-01-31 07:45:17"
United States,"144.172.73.11:37552,2024-01-31 07:45:17"
Switzerland,"179.43.159.201:5318,2024-01-31 07:45:19"
India,"49.204.229.143:39250,2024-01-31 15:59:48"
India,"49.204.229.143:39521,2024-01-31 16:23:16"
India,"49.204.229.143:40591,2024-01-31 16:47:22"
